Name,Position,Institution,SubInstitution,Education,Other Affiliation,Career,Notes,Tel,Unnamed: 9,AffiliationId,carnegie_id,PrimarySample,FixedPosition
Elizabeth Z Chace,Fellow,Brown University,Board Of Fellows (Brown University),,,,,,,27804330.0,217156.0,True,Trustee
Robin A Lenhardt,Fellow,Brown University,Board Of Fellows (Brown University),,,,,,,27804330.0,217156.0,True,Trustee
Ruth J Simmons,Fellow,Brown University,Board Of Fellows (Brown University),,,,,,,27804330.0,217156.0,True,Trustee
Stephen Robert,Fellow,Brown University,Board Of Fellows (Brown University),Brown 1962 AB,"Chairman, Robert Capital Management, LLC",,,,,27804330.0,217156.0,True,Trustee
David E Mckinney,Fellow,Brown University,Board Of Fellows (Brown University),,"Vice President, Personnel, International Business Machines Corporation",,,,,27804330.0,217156.0,True,Trustee
Mark Blumenkranz,Fellow,Brown University,Board Of Fellows (Brown University),,"Chief Operating Officer, Forbes, Inc",,,,,27804330.0,217156.0,True,Trustee
Steven L Rattner,Fellow,Brown University,Board Of Fellows (Brown University),Brown 1974 AB,"Managing Principal, Quadrangle Group Lic",,,,,27804330.0,217156.0,True,Trustee
Steven R Jordan,Fellow,Brown University,Board Of Fellows (Brown University),,"Senior Project Manager, Ryan Companies US, Inc",,,,,27804330.0,217156.0,True,Trustee
Donald C Hood,Fellow,Brown University,Board Of Fellows (Brown University),,"James F. Bender Professor in Psychology, Columbia College",,,,,27804330.0,217156.0,True,Trustee
Kathryn S Fuller,Fellow,Brown University,Board Of Fellows (Brown University),,"Chairman, Ford Foundation",,,,,27804330.0,217156.0,True,Trustee
Timothy C Forbes,Fellow,Brown University,Board Of Fellows (Brown University),,"Chief Operating Officer, Forbes, Inc",,,,,27804330.0,217156.0,True,Trustee
Artemis Aw Joukowsky,Fellow,Brown University,Board Of Fellows (Brown University),,"Chancellor, Brown University (1997-1998)",,,,,27804330.0,217156.0,True,Trustee
Leon J Hendrix,Chairman,Clemson University,,,"Chairman, Remington Arms Company, Inc",,,,,8078737.0,217882.0,True,Board President
Thomas B Mcteer,Trustee,Clemson University,,,"President, McTeer Real Estate, IncP.O. Box 11923, Columbia, SC 29211",,,,,8078737.0,217882.0,True,Member
Bill L Amick,Trustee,Clemson University,,,"Chairman and Chief Executive Officer, Amick Processing, Inc",,,,,8078737.0,217882.0,True,Member
Patricia Herring Mcabee,Trustee,Clemson University,,,"Vice President, Custom Development Solutions111-D Jasmine Court, Greenwood, SC 29646",,,,,8078737.0,217882.0,True,Member
Louis B Lynn,Trustee,Clemson University,,,"President, ENVIRO AgScience, IncP.O. Box 23285, Columbia, SC 29224",,,,,8078737.0,217882.0,True,Member
John J Britton,Trustee,Clemson University,,,,,,,,8078737.0,217882.0,True,Member
Leslie G Mccraw,Trustee,Clemson University,,,"Chairman and Chief Executive Officer, Fluor Corporation",,,,,8078737.0,217882.0,True,Member
Robert L Peeler,Trustee,Clemson University,,,"Agent, McGee Real Estate560 Meeting Street, West Columbia, SC 29169",,,,,8078737.0,217882.0,True,Member
Ellison Smyth Mckissick,Trustee,Clemson University,,Clemson BS; South Carolina MBA,"President and Treasurer, Alice Manufacturing Company, IncP.O. Box 369, Easley, SC",,,,,8078737.0,217882.0,True,Member
Joseph D Swann,Vice Chairman,Clemson University,,Clemson; Case Western 1969 MBA,,,,,,8078737.0,217882.0,True,Board Vice President
William C Smith,Trustee,Clemson University,,,"Chief Executive Officer, Holmes Smith Developments, IncP.O. Box 11334, Columbia, SC 29211 o envel, griangis",,,,,8078737.0,217882.0,True,Member
Ambassador David H Wilkins,Trustee,Clemson University,,Clemson 1968 BA; South Carolina 1971 JD,"Ambassador, Office of the U.S. Ambassador to Canada, United States Department of State; Ambassador (R), Office of the U.S. Ambassador to Canada, United States to epello? American Embassy - Ottawa, Ontario, P.O. Box 5000 Ogdensburg, NY 13669-0430",,,,,8078737.0,217882.0,True,Member
Nannerl Overholser Keohane,Fellow,Harvard University,,Wellesley 1961 BA: Oxford (UK) 1963 BA. MA: Yale 1967 PhD,"Laurance S. Rockefeller Distinguished Visiting Professor of Public Affairs and the University Center for Human Values, Princeton University",,,,,136199984.0,166027.0,True,Overseer
Robert D Reischauer,Fellow,Harvard University,,"Harvard 1963 AB; Columbia 1966 MIA, 1971 PhD",,,,,,136199984.0,166027.0,True,Overseer
James R Houghton,Fellow,Harvard University,,"Harvard 1958 AB, 1962 MBA","Chairman and Chief Executive Officer, Corning Incorporated (2002-2005)",,,,,136199984.0,166027.0,True,Overseer
James F Rothenberg,Fellow,Harvard University,,"Harvard 1968 AB, 1970 MBA","Chairman and Principal Executive Officer, Capital Research & Management Company",,,,,136199984.0,166027.0,True,Overseer
Patricia A King,Fellow,Harvard University,,Wheaton (MA) 1963; Harvard 1969 JD,"Professor of Law, Georgetown University",,,,,136199984.0,166027.0,True,Overseer
Robert E Rubin,Fellow,Harvard University,,Harvard 1960 AB; Yale 1964 LLB; London School Econ (UK),"Senior Counselor, Executive Committee, Citigroup Inc399 Park Avenue, New York, NY 10022",,,,,136199984.0,166027.0,True,Overseer
Larry R Carter,Trustee,Loyola Marymount University,,Arizona State 1974 BS,,,,,,35566140.0,117946.0,True,Regent
Rudy F Deleon,Trustee,Loyola Marymount University,,,,,,,,35566140.0,117946.0,True,Regent
Deborah Lanni,Trustee,Loyola Marymount University,,,,,,,,35566140.0,117946.0,True,Regent
John F Cosgrove,Trustee,Loyola Marymount University,,,,,,,,35566140.0,117946.0,True,Regent
Alex Chaves Srtrusted,Trustee,Loyola Marymount University,,,,,,,,35566140.0,117946.0,True,Regent
Bruce C Edwards,Trustee,Loyola Marymount University,,,,,,,,35566140.0,117946.0,True,Regent
Robert C Baker,Trustee,Loyola Marymount University,,Yale 1956 BA. 1959 LLB,,,,,,35566140.0,117946.0,True,Regent
Rita Arthur Rshm,Trustee,Loyola Marymount University,,,,,,,,35566140.0,117946.0,True,Regent
Kathleen Hannon Aikenhead,Vice Chairman,Loyola Marymount University,,,,,,,,35566140.0,117946.0,True,Board Vice President
Frederick B Craves,Trustee,Loyola Marymount University,,,,,,,,35566140.0,117946.0,True,Regent
Irma J Browndillon,Trustee,Loyola Marymount University,,,,,,,,35566140.0,117946.0,True,Regent
Paul J Fitzgerald,Trustee,Loyola Marymount University,,"Santa Clara 1980 BA; Weston Theology 1991 MDiv, 1993",,,,,,35566140.0,117946.0,True,Regent
Robert T Walsh,Trustee,Loyola Marymount University,,,,,,,,35566140.0,117946.0,True,Regent
Laura D Williamson,Trustee,Loyola Marymount University,,,,,,,,35566140.0,117946.0,True,Regent
Anne Hennessy Csj,Trustee,Loyola Marymount University,,,,,,,,35566140.0,117946.0,True,Regent
Thomas G Hynes,Trustee,Loyola Marymount University,,,,,,,,35566140.0,117946.0,True,Regent
Robert J Abernethy,Trustee,Loyola Marymount University,,,,,,,,35566140.0,117946.0,True,Regent
Daniel K Lahart,Trustee,Loyola Marymount University,,,,,,,,35566140.0,117946.0,True,Regent
R Chad Dreier,Chairman,Loyola Marymount University,,Loyola Marymount 1969 BS,,,,,,35566140.0,117946.0,True,Board President
Mary Genino Rshm,Trustee,Loyola Marymount University,,,,,,,,35566140.0,117946.0,True,Regent
George Av Dunning,Trustee,Loyola Marymount University,,,,,,,,35566140.0,117946.0,True,Regent
Rosemary L Turner,Trustee,Loyola Marymount University,,,,,,,,35566140.0,117946.0,True,Regent
Kathleen L Mccarthy,Trustee,Loyola Marymount University,,,,,,,,35566140.0,117946.0,True,Regent
Michael R Steed,Trustee,Loyola Marymount University,,,,,,,,35566140.0,117946.0,True,Regent
Liam E Mcgee,Trustee,Loyola Marymount University,,UC San Diego; Pepperdine MBA; Loyola Law JD,,,,,,35566140.0,117946.0,True,Regent
John A Mcmahon,Trustee,Loyola Marymount University,,,,,,,,35566140.0,117946.0,True,Regent
Paul W Mikos,Vice Chairman,Loyola Marymount University,,,,,,,,35566140.0,117946.0,True,Board Vice President
James R Belardi,Trustee,Loyola Marymount University,,Stanford 1979 BA; UCLA 1981 MBA,,,,,,35566140.0,117946.0,True,Regent
Stephen M Mosko,Trustee,Loyola Marymount University,,,,,,,,35566140.0,117946.0,True,Regent
Susan F Moley,Trustee,Loyola Marymount University,,,,,,,,35566140.0,117946.0,True,Regent
Jeffrey P Von Arx,Trustee,Loyola Marymount University,,Princeton 1969 AB; Yale 1973 MA. 1975 MPhil 1980 PhD; Weston Theology 1981 MDiv,,,,,,35566140.0,117946.0,True,Regent
Thomas E Larkin,Trustee,Loyola Marymount University,,Notre Dame 1961 BA,,,,,,35566140.0,117946.0,True,Regent
Elbridge H Stuart,Trustee,Loyola Marymount University,,,,,,,,35566140.0,117946.0,True,Regent
Thomas R Von Der Ahe Sr,Trustee,Loyola Marymount University,,,,,,,,35566140.0,117946.0,True,Regent
Robert W Scholla,Secretary,Loyola Marymount University,,,,,,,,35566140.0,117946.0,True,Other Board Member
Edward P Roski,Trustee,Loyola Marymount University,,USC 1962 BS,,,,,,35566140.0,117946.0,True,Regent
Kevin P Quinn,Trustee,Loyola Marymount University,,,,,,,,35566140.0,117946.0,True,Regent
Joan A Payden,Trustee,Loyola Marymount University,,Trinity Col (DC) BA; Harvard 1981 AMP,,,,,,35566140.0,117946.0,True,Regent
Stephen F Page,Trustee,Loyola Marymount University,,Loyola Marymount,,,,,,35566140.0,117946.0,True,Regent
Robert B Lawton,Trustee,Loyola Marymount University,,,,,,,,35566140.0,117946.0,True,Regent
Walter F Ulloa,Trustee,Loyola Marymount University,,,,,,,,35566140.0,117946.0,True,Regent
Kevin F Toolan,Trustee,New Jersey Institute Of Technology,,,"President and Chairman of the Board, T&M Associates",,,,,118118575.0,185828.0,True,Overseer
Vincent L Decaprio,Trustee,New Jersey Institute Of Technology,,NJIT 1972,"President, Vyteris Holdings",,,,,118118575.0,185828.0,True,Overseer
Jon S Corzine,Ex Officio Trustee,New Jersey Institute Of Technology,,Illinois 1969 BA; Chicago 1973 MBA,"Governor (D), State of New Jersey P.O. Box 001, Trenton, NJ 08625 rviewoll neel, Tel: (609) 292-6000",,,,,118118575.0,185828.0,True,"Overseer, Ex Officio"
Philip K Beachem,Trustee,New Jersey Institute Of Technology,,,President. New Jersey Alliance for Action,,,,,118118575.0,185828.0,True,Overseer
Cory A Booker,Ex Officio Trustee,New Jersey Institute Of Technology,,"Stanford 1991 BA, 1992 MA; Yale 1997 JD","Mayor, Office of the Mayor, City of Newark, New Jersey City Hall, 920 Broad Street. Room 200, Newark, NJ 07102 Tel: (973) 733-6400",,,,,118118575.0,185828.0,True,"Overseer, Ex Officio"
James M Burns,Vice Chairman,New Jersey Institute Of Technology,,,"Affiliation: Partner, Genova, Burns & Vernoia",,,,,118118575.0,185828.0,True,Board Vice President
Peter A Cistaro,Trustee,New Jersey Institute Of Technology,,NJIT 1968 PhD,,,,,,118118575.0,185828.0,True,Overseer
Dennis M Bone,Trustee,New Jersey Institute Of Technology,,,"President. Verizon New Jersey Inc140 West Street, New York, NY 10007",,,,,118118575.0,185828.0,True,Overseer
Anthony J Knapp,Trustee,New Jersey Institute Of Technology,,,"Owner, Black Horse Inn",,,,,118118575.0,185828.0,True,Overseer
Elizabeth Liz Garcia,Trustee,New Jersey Institute Of Technology,,,"Manager, Public Affairs, Infineum",,,,,118118575.0,185828.0,True,Overseer
Stephen P Depalma,Vice Chairmar,New Jersey Institute Of Technology,,NJIT 1972,"President and Chief Executive Officer, Schoor DePalma",,,,,118118575.0,185828.0,True,Board Vice President
David J Samuel,Trustee,New Jersey Institute Of Technology,,,"Managing Partner, CME Associates",,,,,118118575.0,185828.0,True,Overseer
Diane Montalto,Trustee,New Jersey Institute Of Technology,,,"Senior Director, Corporate Engineering and Facilities Management, Par Pharmaceutical Companies, Inc. bae insbi 300 Tice Boulevard, Woodcliff Lake, NJ 07677",,,,,118118575.0,185828.0,True,Overseer
Arthur F Powell,Trustee,New Jersey Institute Of Technology,,,"President, Powell Capital Markets, Inc",,,,,118118575.0,185828.0,True,Overseer
Leslie A Fehrenbach,Secretary,Rutgers State University Of New Jersey,,,,,,,,102322142.0,186380.0,True,Other Board Member
Leslie Eugene Goodman,Governor,Rutgers State University Of New Jersey,,"Rutgers 1965 BA, 1970 MBA; Rutgers (Camden) 1980 JD","Chair, The Eagle Group",,,,,102322142.0,186380.0,True,Trustee
Mary L Baglivo,Governor,Rutgers State University Of New Jersey,,Rutgers 1979,"Chief Executive Officer, Americas [Director, Worldwide Marketing), Saatchi & Saatchi 375 Hudson Street, New York, NY 10014-3660",,,,,102322142.0,186380.0,True,Trustee
Catherine A Cahill,Assistant Secretary,Rutgers State University Of New Jersey,,,,,,,,102322142.0,186380.0,True,Other Board Member
Margaret Coppolo,Student Representative Governor,Rutgers State University Of New Jersey,,Southern Illinois 1964 BA; Georgetown 1969 PhD affl,,,,,,102322142.0,186380.0,True,Other Board Member
M William Howard,Chairman,Rutgers State University Of New Jersey,,Morehouse Col 1968 BA; Princeton Sem 1972 MDiv,"Pastor, Bethany Baptist Church 275 West Market Street, Newark, NJ 07103 Tel: (973) 623-8161",,,,,102322142.0,186380.0,True,Board President
Martha A Cotter,Faculty Representative Governor,Rutgers State University Of New Jersey,,,,,,,,102322142.0,186380.0,True,Other Board Member
Bruce Renn,Treasurer. (Interim),Rutgers State University Of New Jersey,,,,,,,,102322142.0,186380.0,True,Other Board Member
Albert R Gamper,Governor,Rutgers State University Of New Jersey,,Rutgers (Newark) 1966 BS,"Chairman and Chief Executive Officer, CIT Group Inc (2003-2004)",,,,,102322142.0,186380.0,True,Trustee
George R Zoffinger,Governor,Rutgers State University Of New Jersey,,Penn State 1970 BA; NYU 1971 MA,"President and Chief Executive Officer, New Jersey Sports and Exposition Authority Capital Corporation",,,,,102322142.0,186380.0,True,Trustee
Duncan L Macmillan,Governor,Rutgers State University Of New Jersey,,Rutgers 1966 BA; Fordham 1967 MA; NYU 1971 MBA,,,,,,102322142.0,186380.0,True,Trustee
Patrick M Ryan,Governor,Rutgers State University Of New Jersey,,Notre Dame 1967,"President and Chief Executive Officer, Yardville 6 (gri National Bank; Trustee, Board of Trustees, Rutgers, The State University of New Jersey New Brunswick, NJ 08903",,,,,102322142.0,186380.0,True,Trustee
John F Russo Sr,Governor,Rutgers State University Of New Jersey,,Notre Dame 1955; Columbia 1958 JD,"Partner, Princeton Public Affairs Group, IncThe Princeton House, 160 West State Street Trenton. NJ 08608-1102 Tel: (609) 396-8838",,,,,102322142.0,186380.0,True,Trustee
Samuel Rabinowitz,Faculty Representative Governor,Rutgers State University Of New Jersey,,,,,,,,102322142.0,186380.0,True,Other Board Member
Patricia Nachtigal,Vice Chairman,Rutgers State University Of New Jersey,,Montclair State Col 1968 BA; Rutgers (Newark) 1976 JD; NYU 1982 LLM,"Senior Vice President and General Counsel, or Ingersoll-Rand Company Limited P.O. Box 445, Montvale, NJ 07645-0445 Tel: (201) 573-3473",,,,,102322142.0,186380.0,True,Board Vice President
Richard L Mccormick,President,Rutgers State University Of New Jersey,,,,,,,,102322142.0,186380.0,True,Board President
Eugene Michael Ohara,Governor,Rutgers State University Of New Jersey,,Rutgers (Newark) 1962 BS,"Chief Financial Officer, Prudential Insurance Company of America",,,,,102322142.0,186380.0,True,Trustee
Robert A Laudicina Wowww,Governor,Rutgers State University Of New Jersey,,"Rutgers 1963 BA, 1965. MA; Columbia 1968 PhD save",,,,,,102322142.0,186380.0,True,Trustee
Rochelle Gizinski,Governor,Rutgers State University Of New Jersey,,Rutgers 1980 BA; Seton Hall 1983 JD,"Partner, Abazia & Gininski, L.L.C",,,,,102322142.0,186380.0,True,Trustee
Patricia Cahill,Trustee,Seton Hall University,,,"President and Chief Executive Officer, Catholic Health Initiatives",,,,,12524447.0,186584.0,True,Regent
Monsignor John Doran,Trustee,Seton Hall University,,,"Vicar General and Moderator of the Curia, Archdiocese of Newark171 Clifton Avenue, Newark, NJ 07104-0500",,,,,12524447.0,186584.0,True,Regent
John C Kelly Cpa,Trustee,Seton Hall University,,,"Vice President and Controller, Wyeth",,,,,12524447.0,186584.0,True,Regent
Monsignor Robert Sheeran,Trustee,Seton Hall University,,,,,,,,12524447.0,186584.0,True,Regent
James J Malespina,Trustee,Seton Hall University,,,"Vice President, Herzog, Heine, Geduld, Inc",,,,,12524447.0,186584.0,True,Regent
Pamela M Swartzberg,Secretary,Seton Hall University,,Belmont Abbey: Iona MBA,"Chair, Womens Commission, Archdiocese of Newark",,,,,12524447.0,186584.0,True,Other Board Member
Francis M Lazarus,Trustee,Seton Hall University,,,"President, University of Dallas",,,,,12524447.0,186584.0,True,Regent
Monsignor Robert Wister,Trustee,Seton Hall University,,,,,,,,12524447.0,186584.0,True,Regent
The Most Reverend Arthur J Serratelli,Trustee,Seton Hall University,,Upsala BA; Seton Hall MBA,,,,,,12524447.0,186584.0,True,Regent
The Most Reverend John J Myers,Trustee,Seton Hall University,,,"Archbishop, Archdiocese of Newark",,,,,12524447.0,186584.0,True,Regent
Michael J Lucciola,Trustee,Seton Hall University,,,,,,,,12524447.0,186584.0,True,Regent
Phil Maisano,Trustee,Seton Hall University,,Seton Hall 1965 BA; Pontifical Gregorian (Italy) DD 19,"Vice Chair and Chief Investment Officer, The Dreyfus Corporation",,,,,12524447.0,186584.0,True,Regent
Joseph P La Sala,Trustee,Seton Hall University,,"Seton Hall BSBA, MBA","Partner, McElroy, Deutsch, Mulvaney & Carpenter, LLP",,,,,12524447.0,186584.0,True,Regent
Monsignor James M Cafone,Vice Chairman,Seton Hall University,,,,,,,,12524447.0,186584.0,True,Board Vice President
Patrick M Murray,Trustee,Seton Hall University,,St Peter's Col 1969 BS; Seton Hall 1972 JD,,,,,,12524447.0,186584.0,True,Regent
Alfred C Koeppe,Trustee,Seton Hall University,,,"Post Office Box 2075, Morristown, NJ 07962-2075",,,,,12524447.0,186584.0,True,Regent
Richard Mahmarian,Trustee,Seton Hall University,,,"Chief Executive Officer, REM AsSOC., LLC",,,,,12524447.0,186584.0,True,Regent
Phillip Frese,Trustee,Seton Hall University,,,"Executive Vice President, Operations, Catholic Health and Human Services Corporation",,,,,12524447.0,186584.0,True,Regent
Kurt T Borowsky,Trustee,Seton Hall University,,,"Chairman, Van Beuren Management, Inc330 South Street, Morristown, NJ 07960-6020",,,,,12524447.0,186584.0,True,Regent
John J Schimpf,Trustee,Seton Hall University,,"Canisius 1966 AB; Cornell 1968 MA, 1972 PhD","Consultant and Portfolio Manager, Denholtz Associates",,,,,12524447.0,186584.0,True,Regent
Joseph Reilly,Trustee,Seton Hall University,,,,,,,,12524447.0,186584.0,True,Regent
James R Smith,Board Member,Virginia Polytechnic Institute And State University,,Virginia Tech 1974,,,,,,859038795.0,233921.0,True,Member
Lori L Wagner,Board Member,Virginia Polytechnic Institute And State University,,Virginia Tech,,,,,,859038795.0,233921.0,True,Member
Philip S Thompson,Board Member,Virginia Polytechnic Institute And State University,,,,,,,,859038795.0,233921.0,True,Member
Ryan C Smith,Undergraduate Student Representative,Virginia Polytechnic Institute And State University,,,,,,,,859038795.0,233921.0,True,Other Board Member
